Date,mean,25th,median,75th,,,GRACE based ET,,,OpenET,GRACE based ET
1/1/2000,6.387678528,3,7,9,,,,,,-38.50232147,
2/1/2000,10.51981976,8,11,13,,,,,,-34.37018024,
3/1/2000,25.44138973,18,26,32,,,,,,-19.44861027,
4/1/2000,55.53712796,39,58,72,,,,,,10.64712796,
5/1/2000,71.53923347,55,76,93,,,,,,26.64923347,
6/1/2000,92.84240116,63,99,124,,,,,,47.95240116,
7/1/2000,96.60570186,56,105,140,,,,,,51.71570186,
8/1/2000,78.84464146,42,84,116,,,,,,33.95464146,
9/1/2000,46.45944153,30,48,58,,,,,,1.56944153,
10/1/2000,26.15855497,19,26,32,,,,,,-18.73144503,
11/1/2000,8.740546409,6,9,11,,,,,,-36.14945359,
12/1/2000,6.212680224,3,6,9,,,,,,-38.67731978,
1/1/2001,6.536897363,3,7,10,,,,,,-38.35310264,
2/1/2001,10.45983948,6,10,14,,,,,,-34.43016052,
3/1/2001,28.00669562,19,28,35,,,,,,-16.88330438,
4/1/2001,49.89952355,41,53,63,,,,,,5.00952355,
5/1/2001,87.59237093,66,93,109,,,,,,42.70237093,
6/1/2001,83.68059828,59,90,107,,,,,,38.79059828,
7/1/2001,93.3645136,55,102,133,,,,,,48.4745136,
8/1/2001,77.7091249,41,82,114,,,,,,32.8191249,
9/1/2001,50.29817261,28,54,71,,,,,,5.40817261,
10/1/2001,26.55189675,16,29,35,,,,,,-18.33810325,
11/1/2001,11.58234121,8,11,14,,,,,,-33.30765879,
12/1/2001,5.408609952,3,5,7,,,,,,-39.48139005,
1/1/2002,6.405476438,4,7,8,,,,,,-38.48452356,
2/1/2002,10.37644482,5,9,14,,,,,,-34.51355518,
3/1/2002,23.99180776,16,24,32,,,,,,-20.89819224,
4/1/2002,46.57538405,30,50,63,,,,,,1.68538405,
5/1/2002,67.49085642,46,72,90,,5/1/2002 0:00,52.50063109,,,22.60085642,24.55063109
6/1/2002,87.62438936,57,95,116,,6/1/2002 0:00,76.99049747,,,42.73438936,49.04049747
7/1/2002,100.0318437,55,106,143,,7/1/2002 0:00,62.32112442,,,55.1418437,34.37112442
8/1/2002,73.78113503,42,79,107,,8/1/2002 0:00,51.25545771,,,28.89113503,23.30545771
9/1/2002,49.40419758,27,53,71,,9/1/2002 0:00,46.41667334,,,4.51419758,18.46667334
10/1/2002,28.00995115,19,30,38,,10/1/2002 0:00,2.242352699,,,-16.88004885,-25.7076473
11/1/2002,14.1122369,10,14,18,,11/1/2002 0:00,-10.64401647,,,-30.7777631,-38.59401647
12/1/2002,8.344128822,6,8,11,,12/1/2002 0:00,16.53623169,,,-36.54587118,-11.41376831
1/1/2003,8.466075629,6,8,10,,1/1/2003 0:00,6.848073853,,,-36.42392437,-21.10192615
2/1/2003,13.16796333,9,12,17,,2/1/2003 0:00,-28.87982325,,,-31.72203667,-56.82982325
3/1/2003,29.81682266,23,31,38,,3/1/2003 0:00,21.86994835,,,-15.07317734,-6.080051649
4/1/2003,48.85781579,39,50,60,,4/1/2003 0:00,23.22725295,,,3.96781579,-4.722747052
5/1/2003,76.51132725,53,83,99,,5/1/2003 0:00,58.52990548,,,31.62132725,30.57990548
6/1/2003,95.58983174,68,107,128,,6/1/2003 0:00,85.38173876,,,50.69983174,57.43173876
7/1/2003,99.41233942,54,102,140,,7/1/2003 0:00,76.20388352,,,54.52233942,48.25388352
8/1/2003,76.03491949,38,77,107,,8/1/2003 0:00,46.0225879,,,31.14491949,18.0725879
9/1/2003,47.12918401,25,48,66,,9/1/2003 0:00,25.19651234,,,2.23918401,-2.753487659
10/1/2003,29.39279899,20,30,39,,10/1/2003 0:00,12.32510434,,,-15.49720101,-15.62489566
11/1/2003,11.9420421,9,13,15,,11/1/2003 0:00,-15.20940158,,,-32.9479579,-43.15940158
12/1/2003,6.020033082,4,6,7,,12/1/2003 0:00,6.355082847,,,-38.86996692,-21.59491715
1/1/2004,6.843751895,4,6,10,,1/1/2004 0:00,22.94938107,,,-38.04624811,-5.000618933
2/1/2004,11.26133896,7,10,14,,2/1/2004 0:00,7.538968606,,,-33.62866104,-20.41103139
3/1/2004,37.42808033,31,40,44,,3/1/2004 0:00,9.952390687,,,-7.46191967,-17.99760931
4/1/2004,62.70224956,44,65,82,,4/1/2004 0:00,26.24581155,,,17.81224956,-1.704188453
5/1/2004,70.35684122,46,76,92,,5/1/2004 0:00,73.89389265,,,25.46684122,45.94389265
6/1/2004,89.95541478,52,96,119,,6/1/2004 0:00,57.19403201,,,45.06541478,29.24403201
7/1/2004,98.99010916,69,106,138,,7/1/2004 0:00,57.64681608,,,54.10010916,29.69681608
8/1/2004,72.29787106,43,81,100,,8/1/2004 0:00,72.82024811,,,27.40787106,44.87024811
9/1/2004,44.15427296,27,48,59,,9/1/2004 0:00,39.61747092,,,-0.73572704,11.66747092
10/1/2004,28.43001025,22,30,36,,10/1/2004 0:00,36.8372065,,,-16.45998975,8.887206503
11/1/2004,13.33031783,10,13,16,,11/1/2004 0:00,-14.03137594,,,-31.55968217,-41.98137594
12/1/2004,8.268228529,6,8,10,,12/1/2004 0:00,4.173258952,,,-36.62177147,-23.77674105
1/1/2005,9.038395591,6,9,12,,1/1/2005 0:00,16.28427302,,,-35.85160441,-11.66572698
2/1/2005,17.27119469,12,17,21,,2/1/2005 0:00,3.98635283,,,-27.61880531,-23.96364717
3/1/2005,34.11229687,26,35,42,,3/1/2005 0:00,34.09935846,,,-10.77770313,6.14935846
4/1/2005,55.54500393,44,58,72,,4/1/2005 0:00,16.42384627,,,10.65500393,-11.52615373
5/1/2005,79.25871127,61,83,97,,5/1/2005 0:00,56.59756622,,,34.36871127,28.64756622
6/1/2005,87.18961462,62,94,110,,6/1/2005 0:00,88.45077652,,,42.29961462,60.50077652
7/1/2005,102.2783306,54,112,144,,7/1/2005 0:00,75.08159543,,,57.3883306,47.13159543
8/1/2005,78.55412822,39,83,108,,8/1/2005 0:00,54.3191198,,,33.66412822,26.3691198
9/1/2005,47.1200772,27,51,64,,9/1/2005 0:00,27.99582139,,,2.2300772,0.045821395
10/1/2005,25.93914722,18,26,32,,10/1/2005 0:00,5.808273739,,,-18.95085278,-22.14172626
11/1/2005,12.12613402,9,13,16,,11/1/2005 0:00,1.15269326,,,-32.76386598,-26.79730674
12/1/2005,7.902778677,5,8,11,,12/1/2005 0:00,2.337347561,,,-36.98722132,-25.61265244
1/1/2006,7.104524942,4,7,9,,1/1/2006 0:00,31.54586103,,,-37.78547506,3.595861027
2/1/2006,12.6706805,8,12,16,,2/1/2006 0:00,-0.539247213,,,-32.2193195,-28.48924721
3/1/2006,23.15000305,14,22,32,,3/1/2006 0:00,9.70569102,,,-21.73999695,-18.24430898
4/1/2006,56.38371391,45,59,70,,4/1/2006 0:00,42.19995876,,,11.49371391,14.24995876
5/1/2006,82.96254749,59,83,108,,5/1/2006 0:00,48.93366144,,,38.07254749,20.98366144
6/1/2006,91.39430674,59,100,120,,6/1/2006 0:00,91.74717745,,,46.50430674,63.79717745
7/1/2006,102.5409203,59,110,147,,7/1/2006 0:00,95.16504789,,,57.6509203,67.21504789
8/1/2006,75.26120258,38,80,106,,8/1/2006 0:00,62.08548525,,,30.37120258,34.13548525
9/1/2006,49.19051927,29,51,69,,9/1/2006 0:00,29.90476835,,,4.30051927,1.954768349
10/1/2006,27.2003498,18,29,35,,10/1/2006 0:00,-28.42033563,,,-17.6896502,-56.37033563
11/1/2006,13.30547012,10,13,15,,11/1/2006 0:00,38.61938884,,,-31.58452988,10.66938884
12/1/2006,7.779546697,5,7,9,,12/1/2006 0:00,-4.675102519,,,-37.1104533,-32.62510252
1/1/2007,8.677307762,7,8,11,,1/1/2007 0:00,-3.154020205,,,-36.21269224,-31.10402021
2/1/2007,12.86916291,9,12,17,,2/1/2007 0:00,26.37227675,,,-32.02083709,-1.577723245
3/1/2007,34.30641097,25,33,42,,3/1/2007 0:00,-4.585576074,,,-10.58358903,-32.53557607
4/1/2007,56.83597018,48,58,68,,4/1/2007 0:00,23.32300454,,,11.94597018,-4.626995455
5/1/2007,86.85420437,62,93,109,,5/1/2007 0:00,48.218486,,,41.96420437,20.268486
6/1/2007,88.44834449,60,99,120,,6/1/2007 0:00,85.10877529,,,43.55834449,57.15877529
7/1/2007,95.96110005,52,96,143,,7/1/2007 0:00,68.24286859,,,51.07110005,40.29286859
8/1/2007,71.85495447,39,73,103,,8/1/2007 0:00,43.29381575,,,26.96495447,15.34381575
9/1/2007,48.60195404,27,50,69,,9/1/2007 0:00,26.676601,,,3.71195404,-1.273399001
10/1/2007,25.78153085,18,27,32,,10/1/2007 0:00,24.66715709,,,-19.10846915,-3.282842908
11/1/2007,13.44324324,9,14,17,,11/1/2007 0:00,-2.845440589,,,-31.44675676,-30.79544059
12/1/2007,5.160849669,4,5,6,,12/1/2007 0:00,9.27698018,,,-39.72915033,-18.67301982
1/1/2008,5.102577027,2,4,8,,1/1/2008 0:00,-15.59711924,,,-39.78742297,-43.54711924
2/1/2008,11.18938325,6,11,14,,2/1/2008 0:00,-4.710898496,,,-33.70061675,-32.6608985
3/1/2008,24.32924694,18,22,30,,3/1/2008 0:00,24.24807268,,,-20.56075306,-3.701927318
4/1/2008,45.41329951,36,46,57,,4/1/2008 0:00,13.40485065,,,0.52329951,-14.54514935
5/1/2008,70.47676243,52,70,92,,5/1/2008 0:00,34.80406384,,,25.58676243,6.85406384
6/1/2008,86.34140597,53,92,118,,6/1/2008 0:00,53.51999431,,,41.45140597,25.56999431
7/1/2008,97.51409939,63,105,139,,7/1/2008 0:00,66.12994193,,,52.62409939,38.17994193
8/1/2008,74.18497075,44,79,108,,8/1/2008 0:00,68.59425547,,,29.29497075,40.64425547
9/1/2008,47.55907364,28,49,66,,9/1/2008 0:00,31.98182138,,,2.66907364,4.031821378
10/1/2008,27.70743622,20,28,37,,10/1/2008 0:00,5.006718344,,,-17.18256378,-22.94328166
11/1/2008,12.40580975,8,13,15,,11/1/2008 0:00,10.52116283,,,-32.48419025,-17.42883717
12/1/2008,6.902488444,4,7,9,,12/1/2008 0:00,5.239191434,,,-37.98751156,-22.71080857
1/1/2009,8.000753012,4,8,11,,1/1/2009 0:00,-2.018375904,,,-36.88924699,-29.9683759
2/1/2009,10.87453416,7,10,14,,2/1/2009 0:00,-1.545258843,,,-34.01546584,-29.49525884
3/1/2009,23.68068799,18,23,28,,3/1/2009 0:00,19.9751978,,,-21.20931201,-7.9748022
4/1/2009,50.95451529,40,53,66,,4/1/2009 0:00,2.713917943,,,6.06451529,-25.23608206
5/1/2009,80.43531753,59,83,108,,5/1/2009 0:00,42.09273783,,,35.54531753,14.14273783
6/1/2009,88.99589892,69,92,116,,6/1/2009 0:00,94.14071566,,,44.10589892,66.19071566
7/1/2009,99.67118992,64,110,141,,7/1/2009 0:00,72.47534804,,,54.78118992,44.52534804
8/1/2009,75.74271757,45,80,108,,8/1/2009 0:00,59.99540976,,,30.85271757,32.04540976
9/1/2009,53.29214161,28,55,78,,9/1/2009 0:00,23.07832613,,,8.40214161,-4.871673871
10/1/2009,24.83776612,18,24,32,,10/1/2009 0:00,30.41398726,,,-20.05223388,2.463987259
11/1/2009,14.19561531,11,14,17,,11/1/2009 0:00,-10.80397415,,,-30.69438469,-38.75397415
12/1/2009,6.833784449,5,6,9,,12/1/2009 0:00,-8.582727228,,,-38.05621555,-36.53272723
1/1/2010,7.065451032,4,7,10,,1/1/2010 0:00,24.57631073,,,-37.82454897,-3.373689274
2/1/2010,12.19987919,7,11,17,,2/1/2010 0:00,10.74070421,,,-32.69012081,-17.20929579
3/1/2010,29.73524442,22,29,37,,3/1/2010 0:00,9.896613648,,,-15.15475558,-18.05338635
4/1/2010,49.53792518,36,52,64,,4/1/2010 0:00,11.08390238,,,4.64792518,-16.86609762
5/1/2010,68.11652542,49,71,87,,5/1/2010 0:00,22.36933669,,,23.22652542,-5.58066331
6/1/2010,81.86562933,56,89,105,,6/1/2010 0:00,78.17920176,,,36.97562933,50.22920176
7/1/2010,99.22399132,65,104,140,,7/1/2010 0:00,81.12386468,,,54.33399132,53.17386468
8/1/2010,77.37482661,41,83,104,,8/1/2010 0:00,59.24104818,,,32.48482661,31.29104818
9/1/2010,46.14166817,27,50,63,,9/1/2010 0:00,52.2518157,,,1.25166817,24.3018157
10/1/2010,26.97007722,17,27,36,,10/1/2010 0:00,13.2032672,,,-17.91992278,-14.7467328
11/1/2010,10.77410968,8,11,14,,11/1/2010 0:00,-9.344885101,,,-34.11589032,-37.2948851
12/1/2010,5.763410081,3,5,8,,12/1/2010 0:00,17.82085415,,,-39.12658992,-10.12914585
1/1/2011,6.890202806,4,7,10,,1/1/2011 0:00,-0.089560994,,,-37.99979719,-28.03956099
2/1/2011,11.11761002,7,11,16,,2/1/2011 0:00,-21.39615048,,,-33.77238998,-49.34615048
3/1/2011,21.96308725,14,21,31,,3/1/2011 0:00,5.434245536,,,-22.92691275,-22.51575446
4/1/2011,39.65220228,25,42,55,,4/1/2011 0:00,-0.999548344,,,-5.23779772,-28.94954834
5/1/2011,61.52226293,32,66,83,,5/1/2011 0:00,68.37806919,,,16.63226293,40.42806919
6/1/2011,85.94993961,67,90,108,,6/1/2011 0:00,65.84742967,,,41.05993961,37.89742967
7/1/2011,98.03914119,62,106,137,,7/1/2011 0:00,62.47661568,,,53.14914119,34.52661568
8/1/2011,80.79104478,42,86,113,,8/1/2011 0:00,64.20466179,,,35.90104478,36.25466179
9/1/2011,52.69360005,32,53,75,,9/1/2011 0:00,36.4676491,,,7.80360005,8.517649101
10/1/2011,26.27074157,18,27,35,,10/1/2011 0:00,32.80535447,,,-18.61925843,4.855354473
11/1/2011,12.95796186,10,13,16,,11/1/2011 0:00,19.62914392,,,-31.93203814,-8.320856084
12/1/2011,7.043077874,5,7,8,,12/1/2011 0:00,-15.69126878,,,-37.84692213,-43.64126878
1/1/2012,9.266049702,7,9,11,,1/1/2012 0:00,-8.685784283,,,-35.6239503,-36.63578428
2/1/2012,10.89407934,7,9,14,,2/1/2012 0:00,-43.09509346,,,-33.99592066,-71.04509346
3/1/2012,24.05116738,17,24,33,,3/1/2012 0:00,16.68645078,,,-20.83883262,-11.26354922
4/1/2012,50.66631412,37,53,63,,4/1/2012 0:00,9.397433801,,,5.77631412,-18.5525662
5/1/2012,70.63509129,54,70,95,,5/1/2012 0:00,21.89413988,,,25.74509129,-6.05586012
6/1/2012,73.98593513,53,79,100,,6/1/2012 0:00,73.55062971,,,29.09593513,45.60062971
7/1/2012,95.64385551,54,96,138,,7/1/2012 0:00,76.14680919,,,50.75385551,48.19680919
8/1/2012,77.84090224,45,77,116,,8/1/2012 0:00,62.87945758,,,32.95090224,34.92945758
9/1/2012,49.67245643,27,46,72,,9/1/2012 0:00,7.752194247,,,4.78245643,-20.19780575
10/1/2012,24.59527977,16,25,34,,10/1/2012 0:00,18.48920532,,,-20.29472023,-9.460794684
11/1/2012,9.877039139,6,9,13,,11/1/2012 0:00,-1.572829745,,,-35.01296086,-29.52282974
12/1/2012,6.39540499,3,6,9,,12/1/2012 0:00,-2.135484238,,,-38.49459501,-30.08548424
1/1/2013,5.740854103,3,5,9,,1/1/2013 0:00,-0.21364556,,,-39.1491459,-28.16364556
2/1/2013,9.289884589,5,9,13,,2/1/2013 0:00,4.430687937,,,-35.60011541,-23.51931206
3/1/2013,27.73781533,20,27,38,,3/1/2013 0:00,11.9923907,,,-17.15218467,-15.9576093
4/1/2013,50.66068288,39,54,67,,4/1/2013 0:00,8.867029357,,,5.77068288,-19.08297064
5/1/2013,77.40925051,55,79,102,,5/1/2013 0:00,30.97134238,,,32.51925051,3.02134238
6/1/2013,88.25613654,58,90,119,,6/1/2013 0:00,83.62828854,,,43.36613654,55.67828854
7/1/2013,101.2238104,60,103,147,,7/1/2013 0:00,41.75242906,,,56.3338104,13.80242906
8/1/2013,75.27887341,41,77,110,,8/1/2013 0:00,27.64409724,,,30.38887341,-0.305902765
9/1/2013,47.60702008,30,46,65,,9/1/2013 0:00,75.5923361,,,2.71702008,47.6423361
10/1/2013,28.08559537,19,29,35,,10/1/2013 0:00,12.70073023,,,-16.80440463,-15.24926977
11/1/2013,12.53494689,10,12,15,,11/1/2013 0:00,9.893006002,,,-32.35505311,-18.056994
12/1/2013,6.878304962,5,6,9,,12/1/2013 0:00,-3.653613616,,,-38.01169504,-31.60361362
1/1/2014,9.537082215,6,9,12,,1/1/2014 0:00,-6.639256181,,,-35.35291779,-34.58925618
2/1/2014,12.82090634,9,12,16,,2/1/2014 0:00,-12.99207588,,,-32.06909366,-40.94207588
3/1/2014,32.04102812,22,34,41,,3/1/2014 0:00,2.959644209,,,-12.84897188,-24.99035579
4/1/2014,55.48102335,42,57,71,,4/1/2014 0:00,19.49050229,,,10.59102335,-8.459497707
5/1/2014,79.30650809,55,85,106,,5/1/2014 0:00,39.84345904,,,34.41650809,11.89345904
6/1/2014,83.19860081,51,87,114,,6/1/2014 0:00,86.52088617,,,38.30860081,58.57088617
7/1/2014,103.7791448,67,108,151,,7/1/2014 0:00,79.54450734,,,58.8891448,51.59450734
8/1/2014,75.47343345,39,78,110,,8/1/2014 0:00,69.4533612,,,30.58343345,41.5033612
9/1/2014,51.7621977,26,50,75,,9/1/2014 0:00,24.66698169,,,6.8721977,-3.283018314
10/1/2014,30.32657861,21,31,37,,10/1/2014 0:00,6.922103392,,,-14.56342139,-21.02789661
11/1/2014,11.98419878,8,12,15,,11/1/2014 0:00,-0.535363329,,,-32.90580122,-28.48536333
12/1/2014,7.612907117,5,7,9,,12/1/2014 0:00,-5.206716098,,,-37.27709288,-33.1567161
1/1/2015,9.451300079,6,8,12,,1/1/2015 0:00,-2.586057379,,,-35.43869992,-30.53605738
2/1/2015,17.51123053,13,17,22,,2/1/2015 0:00,18.08542948,,,-27.37876947,-9.864570518
3/1/2015,38.00018114,33,38,46,,3/1/2015 0:00,20.91336723,,,-6.88981886,-7.036632769
4/1/2015,60.95581311,47,64,79,,4/1/2015 0:00,35.0287719,,,16.06581311,7.078771899
5/1/2015,85.00651348,63,81,110,,5/1/2015 0:00,93.55087464,,,40.11651348,65.60087464
6/1/2015,101.9095953,69,105,137,,6/1/2015 0:00,68.50751688,,,57.0195953,40.55751688
7/1/2015,96.72402147,58,98,138,,7/1/2015 0:00,69.30478949,,,51.83402147,41.35478949
8/1/2015,78.36415174,46,79,113,,8/1/2015 0:00,44.64641587,,,33.47415174,16.69641587
9/1/2015,46.92177794,30,48,64,,9/1/2015 0:00,2.83537558,,,2.03177794,-25.11462442
10/1/2015,28.30673663,18,28,36,,10/1/2015 0:00,-28.38510117,,,-16.58326337,-56.33510117
11/1/2015,11.8853507,9,12,15,,11/1/2015 0:00,-8.120553063,,,-33.0046493,-36.07055306
12/1/2015,6.96582193,5,7,9,,12/1/2015 0:00,41.28925708,,,-37.92417807,13.33925708
1/1/2016,5.909090909,3,6,8,,1/1/2016 0:00,18.1012558,,,-38.98090909,-9.848744202
2/1/2016,13.96375699,8,14,18,,2/1/2016 0:00,-25.87021839,,,-30.92624301,-53.82021839
3/1/2016,33.82816647,24,35,42,,3/1/2016 0:00,44.60467834,,,-11.06183353,16.65467834
4/1/2016,62.58826368,45,67,80,,4/1/2016 0:00,50.97388033,,,17.69826368,23.02388033
5/1/2016,80.06712502,50,83,101,,5/1/2016 0:00,66.47860326,,,35.17712502,38.52860326
6/1/2016,93.69543453,63,96,127,,6/1/2016 0:00,59.29996649,,,48.80543453,31.34996649
7/1/2016,91.3204873,58,98,128,,7/1/2016 0:00,75.93927132,,,46.4304873,47.98927132
8/1/2016,75.69302213,39,78,112,,8/1/2016 0:00,17.80606719,,,30.80302213,-10.14393281
9/1/2016,45.2776069,25,43,61,,9/1/2016 0:00,-10.35811392,,,0.3876069,-38.30811392
10/1/2016,24.21669381,19,24,28,,10/1/2016 0:00,66.66740438,,,-20.67330619,38.71740438
11/1/2016,15.91506899,13,16,20,,11/1/2016 0:00,-23.34891075,,,-28.97493101,-51.29891075
12/1/2016,5.937820397,4,6,7,,12/1/2016 0:00,6.803088207,,,-38.9521796,-21.14691179
1/1/2017,4.974341619,2,5,7,,1/1/2017 0:00,24.36171698,,,-39.91565838,-3.58828302
2/1/2017,9.364243639,7,8,12,,2/1/2017 0:00,12.81086437,,,-35.52575636,-15.13913563
3/1/2017,26.20317953,18,26,34,,3/1/2017 0:00,8.22962379,,,-18.68682047,-19.72037621
4/1/2017,49.91510634,40,54,61,,4/1/2017 0:00,5.795618914,,,5.02510634,-22.15438109
5/1/2017,85.62680263,67,91,107,,5/1/2017 0:00,8.965679619,,,40.73680263,-18.98432038
6/1/2017,92.19703275,68,98,120,,6/1/2017 0:00,23.36100255,,,47.30703275,-4.588997449
7/1/2017,102.9247331,64,109,147,,7/1/2017 0:00,-3.821295414,,,58.0347331,-31.77129541
8/1/2017,78.86749894,41,80,112,,8/1/2017 0:00,2.725172342,,,33.97749894,-25.22482766
9/1/2017,46.95126953,29,43,62,,9/1/2017 0:00,,,,2.06126953,
10/1/2017,29.0742416,20,30,36,,10/1/2017 0:00,,,,-15.8157584,
11/1/2017,12.82214541,9,13,16,,11/1/2017 0:00,,,,-32.06785459,
12/1/2017,7.120709626,5,7,9,,12/1/2017 0:00,,,,-37.76929037,
1/1/2018,8.96748511,6,9,11,,1/1/2018 0:00,,,,-35.92251489,
2/1/2018,11.16396025,7,11,16,,2/1/2018 0:00,,,,-33.72603975,
3/1/2018,26.25396058,17,26,33,,3/1/2018 0:00,,,,-18.63603942,
4/1/2018,53.24842118,42,56,66,,4/1/2018 0:00,,,,8.35842118,
5/1/2018,88.71610374,66,90,110,,5/1/2018 0:00,,,,43.82610374,
6/1/2018,90.44026295,61,95,116,,6/1/2018 0:00,,,,45.55026295,
7/1/2018,101.4661962,63,105,148,,7/1/2018 0:00,42.53277085,,,56.5761962,14.58277085
8/1/2018,77.45739099,45,75,114,,8/1/2018 0:00,32.8150782,,,32.56739099,4.865078205
9/1/2018,47.73970207,28,49,64,,9/1/2018 0:00,45.80852296,,,2.84970207,17.85852296
10/1/2018,25.3409927,17,25,34,,10/1/2018 0:00,49.44823034,,,-19.5490073,21.49823034
11/1/2018,12.30709374,9,11,15,,11/1/2018 0:00,17.40445916,,,-32.58290626,-10.54554084
12/1/2018,7.703242949,5,8,10,,12/1/2018 0:00,-10.78951464,,,-37.18675705,-38.73951464
1/1/2019,7.904616914,5,8,10,,1/1/2019 0:00,-13.21092989,,,-36.98538309,-41.16092989
2/1/2019,6.449839753,3,5,8,,2/1/2019 0:00,13.41567857,,,-38.44016025,-14.53432143
3/1/2019,22.99534856,13,20,29,,3/1/2019 0:00,6.346993508,,,-21.89465144,-21.60300649
4/1/2019,48.59649864,35,53,64,,4/1/2019 0:00,41.31966079,,,3.70649864,13.36966079
5/1/2019,79.16413668,56,82,103,,5/1/2019 0:00,53.64900996,,,34.27413668,25.69900996
6/1/2019,96.28321573,72,101,126,,6/1/2019 0:00,66.73173631,,,51.39321573,38.78173631
7/1/2019,99.05126349,63,102,139,,7/1/2019 0:00,72.25920458,,,54.16126349,44.30920458
8/1/2019,80.84542549,46,87,115,,8/1/2019 0:00,56.84768545,,,35.95542549,28.89768545
9/1/2019,47.05035884,34,49,64,,9/1/2019 0:00,62.83062383,,,2.16035884,34.88062383
10/1/2019,26.67511007,20,27,34,,10/1/2019 0:00,13.99191172,,,-18.21488993,-13.95808828
11/1/2019,13.67384356,11,14,16,,11/1/2019 0:00,-13.40853433,,,-31.21615644,-41.35853433
12/1/2019,6.169990213,3,6,8,,12/1/2019 0:00,1.574083661,,,-38.72000979,-26.37591634
1/1/2020,6.319875579,3,5,9,,1/1/2020 0:00,-1.511066875,,,-38.57012442,-29.46106687
2/1/2020,14.0047219,10,13,19,,2/1/2020 0:00,-9.175076664,,,-30.8852781,-37.12507666
3/1/2020,29.01153451,21,30,36,,3/1/2020 0:00,28.34374028,,,-15.87846549,0.393740283
4/1/2020,56.20277443,39,59,75,,4/1/2020 0:00,4.782210514,,,11.31277443,-23.16778949
5/1/2020,75.96701959,56,81,100,,5/1/2020 0:00,49.84921529,,,31.07701959,21.89921529
6/1/2020,86.1388336,65,91,115,,6/1/2020 0:00,74.57858006,,,41.2488336,46.62858006
7/1/2020,101.5155901,67,106,145,,7/1/2020 0:00,78.57424685,,,56.6255901,50.62424685
8/1/2020,79.69434895,40,88,115,,8/1/2020 0:00,69.21775135,,,34.80434895,41.26775135
9/1/2020,48.14920692,29,46,66,,9/1/2020 0:00,15.96590059,,,3.25920692,-11.98409941
10/1/2020,26.56040046,18,26,35,,10/1/2020 0:00,-6.399720729,,,-18.32959954,-34.34972073
11/1/2020,11.77287256,9,12,14,,11/1/2020 0:00,15.68192038,,,-33.11712744,-12.26807962
12/1/2020,8.273925188,6,8,10,,12/1/2020 0:00,5.566789889,,,-36.61607481,-22.38321011
1/1/2021,7.990540705,5,8,11,,1/1/2021 0:00,-1.982335875,,,-36.8994593,-29.93233588
2/1/2021,10.64394123,7,9,15,,2/1/2021 0:00,2.356341202,,,-34.24605877,-25.5936588
3/1/2021,31.04502055,24,32,39,,3/1/2021 0:00,4.672501188,,,-13.84497945,-23.27749881
4/1/2021,56.47947604,39,58,77,,4/1/2021 0:00,17.87575054,,,11.58947604,-10.07424946
5/1/2021,76.25740305,53,80,101,,5/1/2021 0:00,51.80707067,,,31.36740305,23.85707067
6/1/2021,97.23973222,70,99,136,,6/1/2021 0:00,88.47997248,,,52.34973222,60.52997248
7/1/2021,98.60919124,52,103,141,,7/1/2021 0:00,68.23458879,,,53.71919124,40.28458879
8/1/2021,72.67010434,42,74,101,,8/1/2021 0:00,51.93684016,,,27.78010434,23.98684016
9/1/2021,50.10475846,29,49,70,,9/1/2021 0:00,44.45598483,,,5.21475846,16.50598483
10/1/2021,27.46824679,21,25,34,,10/1/2021 0:00,-1.877621664,,,-17.42175321,-29.82762166
11/1/2021,13.48063754,9,13,18,,11/1/2021 0:00,-9.431817912,,,-31.40936246,-37.38181791
12/1/2021,7.408269991,5,7,10,,12/1/2021 0:00,6.823014608,,,-37.48173001,-21.12698539
1/1/2022,7.521034153,4,7,11,,1/1/2022 0:00,-5.718852827,,,-37.36896585,-33.66885283
2/1/2022,12.81474632,9,12,17,,2/1/2022 0:00,-5.535629764,,,-32.07525368,-33.48562976
3/1/2022,28.63976874,22,30,37,,3/1/2022 0:00,-2.777529842,,,-16.25023126,-30.72752984
4/1/2022,47.72971753,35,50,62,,4/1/2022 0:00,15.5988748,,,2.83971753,-12.3511252
5/1/2022,63.6982722,47,70,81,,5/1/2022 0:00,43.0686584,,,18.8082722,15.1186584
6/1/2022,87.62028828,65,96,109,,6/1/2022 0:00,79.47488789,,,42.73028828,51.52488789
7/1/2022,106.4739159,67,109,145,,7/1/2022 0:00,75.58233004,,,61.5839159,47.63233004
8/1/2022,84.21331645,49,88,121,,8/1/2022 0:00,68.86241528,,,39.32331645,40.91241528
9/1/2022,53.69422833,31,54,74,,9/1/2022 0:00,36.29253849,,,8.80422833,8.342538489
10/1/2022,30.70870273,22,28,40,,10/1/2022 0:00,-0.220368952,,,-14.18129727,-28.17036895
11/1/2022,10.11856945,6,9,14,,11/1/2022 0:00,-6.973761241,,,-34.77143055,-34.92376124
12/1/2022,5.580429807,3,5,8,,12/1/2022 0:00,7.162442094,,,-39.30957019,-20.78755791
1/1/2023,6.973107692,4,6,9,,1/1/2023 0:00,-0.518400613,,,-37.91689231,-28.46840061
2/1/2023,11.4225003,8,12,14,,2/1/2023 0:00,9.03596558,,,-33.4674997,-18.91403442
3/1/2023,20.03242558,10,18,29,,3/1/2023 0:00,10.07932241,,,-24.85757442,-17.87067759
4/1/2023,48.91457438,38,51,61,,4/1/2023 0:00,16.81036323,,,4.02457438,-11.13963677
5/1/2023,88.32807685,65,86,114,,5/1/2023 0:00,48.76979852,,,43.43807685,20.81979852
6/1/2023,94.95024426,69,101,125,,6/1/2023 0:00,85.95214289,,,50.06024426,58.00214289
7/1/2023,111.2914179,65,117,156,,7/1/2023 0:00,66.5125419,,,66.4014179,38.5625419
8/1/2023,81.97865026,51,88,112,,8/1/2023 0:00,81.86292689,,,37.08865026,53.91292689
9/1/2023,53.13630059,34,56,67,,9/1/2023 0:00,41.04153606,,,8.24630059,13.09153606
10/1/2023,30.62179603,22,31,41,,10/1/2023 0:00,-2.490615813,,,-14.26820397,-30.44061581
11/1/2023,13.20372716,10,13,17,,,,,,-31.68627284,-27.95
12/1/2023,8.938590624,7,8,11,,,,,,-35.95140938,-27.95
